<Blog>

<date>22,June,2004</date>
<post>

    
       Thank you to a Steven Jalil, I'm at least intrigued for a night.  Anyway, folks, what should we use this team blog as? 
    
    
</post>

<date>21,June,2004</date>
<post>

    
       lol, look at us!&nbsp; urlLink     urlLink    
    
    
</post>

<date>17,June,2004</date>
<post>

    
       i updated some shit for the blog, and everyone should update this!  and while i m here, who's chillen on friday,sat, so forth? 
    
    
</post>

<date>10,June,2004</date>
<post>

    
       Should we keep the colors? Looked the most original to me at the time 
    
    
</post>

<date>10,June,2004</date>
<post>

    
       just trying it 
    
    
</post>

<date>30,July,2004</date>
<post>

    
       I changed the name of Summer Romp to Jones' 18th B-day, and the second summer romp has become the first, and now  only,  summer romp. Not too confusing.    Okay, that's all for the photo gallery updates for a while. Oh yeah, and can whoever started this thing put a link to  urlLink  my  blog  on here? It just bothers me, is all. 
    
    
</post>

<date>26,July,2004</date>
<post>

    
       Yes, Jorge, that would be horrible.   As for the chinchilla thing...well, I'd probably try dancing an irish jig. 
    
    
</post>

<date>20,July,2004</date>
<post>

    
       NO NEED TO FEAR JORGE IS HERE... &nbsp; &nbsp;Sorry I haven't updated I've been to busy having fun ith your moms box dave...lol j/k that'd be horrible. Anywho...I have ntoing to say but I would say this... What would you do if you woke up with a chincilla in your ass?  
    
    
</post>

<date>19,July,2004</date>
<post>

    
       Come on Jorge...you gots to post...  Not like there's a significant  reason  to, but...  Nevertheless. 
    
    
</post>

<date>18,July,2004</date>
<post>

    
       Summer romp was acutally Jones' B-day....could be wrong though 
    
    
</post>

<date>13,July,2004</date>
<post>

    
       Ok, quick little update on galleries  Firstly, can you have the names pop up for each gallery, either old gallery style or stupidink style, so people know which is which  and secondly, post up a list of all the missing pics so I can helloerize them for ya 
    
    
</post>

<date>12,July,2004</date>
<post>

    
       If Jorge goes back out with judith, every single member of the original 5 krew member will be going out with someone, and not only that, but we all would have g/f's from antioch too. And, and, and...thats it. O, and you have to count rob out i just realized...just noticing  
    
    
</post>

<date>05,July,2004</date>
<post>

    
        Check this out:     
    
    
</post>

<date>01,July,2004</date>
<post>

    
        Those who wish to obtain the picture code would be wise to check out the comments of the last post.   As for this blog, I suggest that we use it for trivia and other random crap like that. Since no one will protest, I will start it off with some Simpsons trivia.   I'll start with an easy one.  Who shot Mr. Burns?  
    
    
</post>

<date>01,July,2004</date>
<post>

    
        i guess this serves... some  inane purpose to someone...   I can't offer much in terms of MEAT to this group blog dealy, but I can offer the code I use to put that pic on my posts to people for their own use (and obviously, their own pics)...is anyone interested? 
    
    
</post>

<date>08,August,2004</date>
<post>

    
       Okay, so maybe Rob and Andy were bad ideas (they'd never do it), but other people, IE Czank, Benny, etc. etc. The thinking behind this is that maybe with more people, we can actually find a real  purpose  to this thing.  Oh, and as for the Photo Gallery, well...too bad. 
    
    
</post>

<date>06,August,2004</date>
<post>

    
       Unhappy was an understatement. Anyway, moving on  Gotta remember to link, and if you can figure out Andreas and Rob's emails where they won't delete things, by all means  
    
    
</post>

<date>04,August,2004</date>
<post>

    
       We need to get a lot more people in this...Rob, Andy, everybody. I can't be the only one who finds this thing kinda boring... 
    
    
</post>

<date>04,August,2004</date>
<post>

    
       Oh yeah...I forgot all about that dude.  I wonder how he'll react to the news that the Photo Gallery is gonna be shut down by next Friday... 
    
    
</post>

<date>04,August,2004</date>
<post>

    
       ya, jones started it..he comes back today though, so if he ever gets online i guess,  juss ask  
    
    
</post>



</Blog>